{
  "Flights" : {
    "transaction" : "Flights",
    "sampleCount" : 1,
    "errorCount" : 0,
    "errorPct" : 0.0,
    "meanResTime" : 339.0,
    "medianResTime" : 339.0,
    "minResTime" : 339.0,
    "maxResTime" : 339.0,
    "pct1ResTime" : 339.0,
    "pct2ResTime" : 339.0,
    "pct3ResTime" : 339.0,
    "throughput" : 2.949852507374631,
    "receivedKBytesPerSec" : 78.53118086283185,
    "sentKBytesPerSec" : 0.5790237831858407
  },
  "Register" : {
    "transaction" : "Register",
    "sampleCount" : 1,
    "errorCount" : 0,
    "errorPct" : 0.0,
    "meanResTime" : 342.0,
    "medianResTime" : 342.0,
    "minResTime" : 342.0,
    "maxResTime" : 342.0,
    "pct1ResTime" : 342.0,
    "pct2ResTime" : 342.0,
    "pct3ResTime" : 342.0,
    "throughput" : 2.923976608187134,
    "receivedKBytesPerSec" : 105.06613212719297,
    "sentKBytesPerSec" : 0.5653782894736842
  },
  "Total" : {
    "transaction" : "Total",
    "sampleCount" : 3,
    "errorCount" : 1,
    "errorPct" : 33.333332,
    "meanResTime" : 1195.3333333333333,
    "medianResTime" : 342.0,
    "minResTime" : 339.0,
    "maxResTime" : 2905.0,
    "pct1ResTime" : 2905.0,
    "pct2ResTime" : 2905.0,
    "pct3ResTime" : 2905.0,
    "throughput" : 0.8257638315441783,
    "receivedKBytesPerSec" : 24.607332094687585,
    "sentKBytesPerSec" : 0.14569140517478668
  },
  "Home" : {
    "transaction" : "Home",
    "sampleCount" : 1,
    "errorCount" : 1,
    "errorPct" : 100.0,
    "meanResTime" : 2905.0,
    "medianResTime" : 2905.0,
    "minResTime" : 2905.0,
    "maxResTime" : 2905.0,
    "pct1ResTime" : 2905.0,
    "pct2ResTime" : 2905.0,
    "pct3ResTime" : 2905.0,
    "throughput" : 0.34423407917383825,
    "receivedKBytesPerSec" : 9.24053356282272,
    "sentKBytesPerSec" : 0.0480717512908778
  }
}